{"errors":[],"warnings":[],"namedChunkGroups":{"app":{"chunks":[14,5],"assets":["webpack-runtime-2de4a8d5561ac0c6bfd5.js","app-e0911b619a73f0b7dfd7.js"],"children":{},"childAssets":{}},"component---src-pages-404-js":{"chunks":[3,6],"assets":["3-c143e1dc801519795497.js","component---src-pages-404-js.9214502aff12a3084407.css","component---src-pages-404-js-7444a83bcb6c934cad5e.js"],"children":{},"childAssets":{}},"component---src-pages-index-js":{"chunks":[0,1,2,4,7],"assets":["0-598e6f97a5f463329437.js","1-7a6f83627306e59c27b1.js","2.708719d8891d83d72ab7.css","2-265d551976e4cef92a39.js","4.a2baaac8b77c051eee4e.css","4-41ef7d14b0319cde5e3f.js","component---src-pages-index-js.b00078204974841d1f4c.css","component---src-pages-index-js-3f4bcb148a94d833dcb4.js"],"children":{},"childAssets":{}},"component---src-pages-landing-js":{"chunks":[0,8],"assets":["0-598e6f97a5f463329437.js","component---src-pages-landing-js-c793d6d5e714e787f3ba.js"],"children":{},"childAssets":{}},"component---src-pages-page-2-js":{"chunks":[3,9],"assets":["3-c143e1dc801519795497.js","component---src-pages-page-2-js.9214502aff12a3084407.css","component---src-pages-page-2-js-0471041109bc9a72af63.js"],"children":{},"childAssets":{}},"component---src-pages-profile-js":{"chunks":[0,1,4,10],"assets":["0-598e6f97a5f463329437.js","1-7a6f83627306e59c27b1.js","4.a2baaac8b77c051eee4e.css","4-41ef7d14b0319cde5e3f.js","component---src-pages-profile-js-1af2d00f4ef8546918e5.js"],"children":{},"childAssets":{}},"component---src-pages-skill-js":{"chunks":[0,11],"assets":["0-598e6f97a5f463329437.js","component---src-pages-skill-js-be4d0845a72063174916.js"],"children":{},"childAssets":{}},"component---src-pages-timeline-js":{"chunks":[0,1,2,12],"assets":["0-598e6f97a5f463329437.js","1-7a6f83627306e59c27b1.js","2.708719d8891d83d72ab7.css","2-265d551976e4cef92a39.js","component---src-pages-timeline-js-1ecc33212344c7465226.js"],"children":{},"childAssets":{}}},"assetsByChunkName":{"app":["webpack-runtime-2de4a8d5561ac0c6bfd5.js","app-e0911b619a73f0b7dfd7.js"],"component---src-pages-404-js":["3-c143e1dc801519795497.js","component---src-pages-404-js.9214502aff12a3084407.css","component---src-pages-404-js-7444a83bcb6c934cad5e.js"],"component---src-pages-index-js":["0-598e6f97a5f463329437.js","1-7a6f83627306e59c27b1.js","2.708719d8891d83d72ab7.css","2-265d551976e4cef92a39.js","4.a2baaac8b77c051eee4e.css","4-41ef7d14b0319cde5e3f.js","component---src-pages-index-js.b00078204974841d1f4c.css","component---src-pages-index-js-3f4bcb148a94d833dcb4.js"],"component---src-pages-landing-js":["0-598e6f97a5f463329437.js","component---src-pages-landing-js-c793d6d5e714e787f3ba.js"],"component---src-pages-page-2-js":["3-c143e1dc801519795497.js","component---src-pages-page-2-js.9214502aff12a3084407.css","component---src-pages-page-2-js-0471041109bc9a72af63.js"],"component---src-pages-profile-js":["0-598e6f97a5f463329437.js","1-7a6f83627306e59c27b1.js","4.a2baaac8b77c051eee4e.css","4-41ef7d14b0319cde5e3f.js","component---src-pages-profile-js-1af2d00f4ef8546918e5.js"],"component---src-pages-skill-js":["0-598e6f97a5f463329437.js","component---src-pages-skill-js-be4d0845a72063174916.js"],"component---src-pages-timeline-js":["0-598e6f97a5f463329437.js","1-7a6f83627306e59c27b1.js","2.708719d8891d83d72ab7.css","2-265d551976e4cef92a39.js","component---src-pages-timeline-js-1ecc33212344c7465226.js"]}}